ecosystem	dependency	declared_by_public_scripts	version_status
External	diamond	scripts/06_transcriptome_age/02.build_gene_age_database.sh	2.1.10 (manuscript)
External	genEra	scripts/06_transcriptome_age/03.infer_gene_age.sh	1.4.2 (manuscript)
External	ncbitax2lin	scripts/06_transcriptome_age/01.build_taxonomy_lineages.sh	UNSPECIFIED
External	omiga	scripts/05_bulk_eqtl/10.export_bulk_associations.R;scripts/05_bulk_eqtl/08.expression_commands.sh;scripts/05_bulk_eqtl/11.filter_bulk_associations.R;scripts/05_bulk_eqtl/02.genotype_subsetting_pcs.sh;scripts/05_bulk_eqtl/09.map_bulk_cis.sh;scripts/05_bulk_eqtl/07.prepare_bulk_expression.R;scripts/05_bulk_eqtl/01.subset_samples.R;scripts/05_bulk_eqtl/03.variant_maf_by_bin.R;scripts/05_bulk_eqtl/06.write_gct.R;scripts/05_bulk_eqtl/20.export_interaction_associations.R;scripts/05_bulk_eqtl/21.filter_interaction_associations.R;scripts/05_bulk_eqtl/18.map_interaction_bin2.sh;scripts/05_bulk_eqtl/19.map_interaction_bin3.sh;scripts/05_bulk_eqtl/17.map_interaction_bins1_4.sh;scripts/05_bulk_eqtl/28.export_cse_associations.R;scripts/05_bulk_eqtl/29.filter_cse_associations.R;scripts/05_bulk_eqtl/26.map_cse_bin2.sh;scripts/05_bulk_eqtl/27.map_cse_bin3.sh;scripts/05_bulk_eqtl/25.map_cse_bins1_4.sh;scripts/05_bulk_eqtl/38.calculate_ld.sh	UNSPECIFIED
External	plink	scripts/05_bulk_eqtl/02.genotype_subsetting_pcs.sh;scripts/05_bulk_eqtl/38.calculate_ld.sh	UNSPECIFIED
External	pyscenic	scripts/02_developmental_dynamics/03.run_pyscenic.sh	UNSPECIFIED
Python	CAMEX	scripts/07_cross_species/02.integrate_camex.py	0.0.1 (manuscript)
Python	anndata	scripts/01_atlas_annotation/07.benchmark_integrations.py;scripts/01_atlas_annotation/03.build_anndata.py;scripts/03_immune/02.build_anndata.py;scripts/07_cross_species/04.species_sample_stage_pseudobulk.py;scripts/07_cross_species/03.species_stage_pseudobulk.py	UNSPECIFIED
Python	matplotlib	figures/Figure1/01.atlas_embedding.py;figures/Supplementary/09.Supp17_camex_embedding.py;scripts/01_atlas_annotation/07.benchmark_integrations.py;scripts/01_atlas_annotation/04.integrate_scvi_all.py;scripts/03_immune/04.graph_clustering.py;scripts/03_immune/03.integrate_scvi.py	UNSPECIFIED
Python	numpy	figures/Figure1/01.atlas_embedding.py;scripts/01_atlas_annotation/07.benchmark_integrations.py;scripts/01_atlas_annotation/06.export_scvi_embedding.py;scripts/07_cross_species/02.integrate_camex.py;scripts/07_cross_species/04.species_sample_stage_pseudobulk.py;scripts/07_cross_species/03.species_stage_pseudobulk.py;scripts/02_developmental_dynamics/helpers/02.counts_loom.py	UNSPECIFIED
Python	pandas	figures/Figure1/01.atlas_embedding.py;scripts/01_atlas_annotation/07.benchmark_integrations.py;scripts/01_atlas_annotation/03.build_anndata.py;scripts/01_atlas_annotation/06.export_scvi_embedding.py;scripts/03_immune/02.build_anndata.py;scripts/07_cross_species/02.integrate_camex.py;scripts/07_cross_species/01.camex_params.py;scripts/07_cross_species/04.species_sample_stage_pseudobulk.py;scripts/07_cross_species/03.species_stage_pseudobulk.py;scripts/02_developmental_dynamics/helpers/02.counts_loom.py	UNSPECIFIED
Python	rich	scripts/01_atlas_annotation/07.benchmark_integrations.py;scripts/01_atlas_annotation/04.integrate_scvi_all.py;scripts/01_atlas_annotation/05.scvi_graph_clustering.py;scripts/03_immune/04.graph_clustering.py;scripts/03_immune/03.integrate_scvi.py	UNSPECIFIED
Python	scanpy	figures/Figure1/01.atlas_embedding.py;figures/Supplementary/09.Supp17_camex_embedding.py;scripts/01_atlas_annotation/07.benchmark_integrations.py;scripts/01_atlas_annotation/06.export_scvi_embedding.py;scripts/01_atlas_annotation/04.integrate_scvi_all.py;scripts/01_atlas_annotation/05.scvi_graph_clustering.py;scripts/03_immune/04.graph_clustering.py;scripts/03_immune/03.integrate_scvi.py;scripts/07_cross_species/02.integrate_camex.py;scripts/07_cross_species/04.species_sample_stage_pseudobulk.py;scripts/07_cross_species/03.species_stage_pseudobulk.py;scripts/02_developmental_dynamics/helpers/02.counts_loom.py	UNSPECIFIED
Python	scib_metrics	scripts/01_atlas_annotation/07.benchmark_integrations.py	UNSPECIFIED
Python	scipy	scripts/01_atlas_annotation/03.build_anndata.py;scripts/03_immune/02.build_anndata.py;scripts/07_cross_species/04.species_sample_stage_pseudobulk.py;scripts/07_cross_species/03.species_stage_pseudobulk.py	UNSPECIFIED
Python	scvi	scripts/01_atlas_annotation/04.integrate_scvi_all.py;scripts/01_atlas_annotation/05.scvi_graph_clustering.py;scripts/03_immune/04.graph_clustering.py;scripts/03_immune/03.integrate_scvi.py	UNSPECIFIED
Python	sklearn	scripts/03_immune/04.graph_clustering.py;scripts/03_immune/03.integrate_scvi.py	UNSPECIFIED
Python	torch	scripts/01_atlas_annotation/04.integrate_scvi_all.py;scripts/01_atlas_annotation/05.scvi_graph_clustering.py;scripts/03_immune/04.graph_clustering.py;scripts/03_immune/03.integrate_scvi.py;scripts/07_cross_species/02.integrate_camex.py;scripts/07_cross_species/01.camex_params.py	UNSPECIFIED
R	AUCell	scripts/02_developmental_dynamics/04.csi_modules_activity_targets.R	UNSPECIFIED
R	Biobase	scripts/07_cross_species/09.trajectory_helpers.R	UNSPECIFIED
R	BiocParallel	scripts/02_developmental_dynamics/04.csi_modules_activity_targets.R	UNSPECIFIED
R	BisqueRNA	scripts/05_bulk_eqtl/04.bisque_fractions.R	UNSPECIFIED
R	ComplexHeatmap	figures/Figure3/01.immune_composition.R;figures/Figure3/02.subtype_program_enrichment.R;figures/Figure3/03.tissue_program_activity.R;figures/Figure5/01.mash_effect_sharing.R;figures/Supplementary/03.Supp05_observed_expected.R;figures/Supplementary/10.Supp17_celltype_expression_heatmap.R;scripts/02_developmental_dynamics/04.csi_modules_activity_targets.R;scripts/03_immune/06.cross_tissue_maturation_loto.R;scripts/03_immune/05.tissue_directed_C1_C12.R;scripts/07_cross_species/06.identify_marker_signatures.R;scripts/07_cross_species/16.similarity.R;scripts/07_cross_species/14.similarity_helpers.R	UNSPECIFIED
R	ComplexUpset	figures/Figure5/01.mash_effect_sharing.R	UNSPECIFIED
R	DESeq2	figures/Supplementary/08.Supp16_tai_summary.R;scripts/04_developmental_clock/01.prepare_celltype_clock_inputs.R;scripts/06_transcriptome_age/10.cross_species_tai.R;scripts/06_transcriptome_age/07.pseudobulk_tai.R	UNSPECIFIED
R	DoubletFinder	scripts/01_atlas_annotation/01.qc_doublets_example_BBZF0D.R	UNSPECIFIED
R	KernSmooth	scripts/02_developmental_dynamics/04.csi_modules_activity_targets.R	UNSPECIFIED
R	MIND	scripts/05_bulk_eqtl/22.bmind_profile.R	UNSPECIFIED
R	Matrix	figures/Figure7/01.trajectory_conservation.R;scripts/01_atlas_annotation/01.qc_doublets_example_BBZF0D.R;scripts/01_atlas_annotation/02.export_counts_metadata.R;scripts/03_immune/06.cross_tissue_maturation_loto.R;scripts/03_immune/01.export_counts_metadata.R;scripts/07_cross_species/06.identify_marker_signatures.R;scripts/07_cross_species/11.slingshot.R;scripts/07_cross_species/09.trajectory_helpers.R;scripts/07_cross_species/16.similarity.R;scripts/07_cross_species/14.similarity_helpers.R	UNSPECIFIED
R	MatrixGenerics	scripts/07_cross_species/08.whole_cortex_dtw.R	UNSPECIFIED
R	Mfuzz	scripts/07_cross_species/09.trajectory_helpers.R	UNSPECIFIED
R	R.utils	scripts/05_bulk_eqtl/24.prepare_cse_phenotypes.R	UNSPECIFIED
R	RColorBrewer	figures/Figure3/01.immune_composition.R;figures/Figure3/02.subtype_program_enrichment.R;figures/Figure3/03.tissue_program_activity.R;figures/Figure7/01.trajectory_conservation.R;figures/Supplementary/03.Supp05_observed_expected.R;figures/Supplementary/07.Supp14_cell_fractions.R;figures/Supplementary/10.Supp17_celltype_expression_heatmap.R;scripts/02_developmental_dynamics/04.csi_modules_activity_targets.R;scripts/07_cross_species/11.slingshot.R	UNSPECIFIED
R	RNOmni	scripts/05_bulk_eqtl/24.prepare_cse_phenotypes.R	UNSPECIFIED
R	SCENIC	scripts/02_developmental_dynamics/04.csi_modules_activity_targets.R	UNSPECIFIED
R	SCopeLoomR	scripts/02_developmental_dynamics/04.csi_modules_activity_targets.R	UNSPECIFIED
R	SNPRelate	scripts/05_bulk_eqtl/24.prepare_cse_phenotypes.R	UNSPECIFIED
R	Seurat	figures/Figure3/05.neighborhood_abundance.R;figures/Figure3/03.tissue_program_activity.R;figures/Supplementary/02.Supp04_annotation_markers.R;figures/Supplementary/04.Supp12_clock_gene_expression.R;scripts/01_atlas_annotation/01.qc_doublets_example_BBZF0D.R;scripts/01_atlas_annotation/02.export_counts_metadata.R;scripts/02_developmental_dynamics/01.adjacent_stage_findmarkers.R;scripts/02_developmental_dynamics/04.csi_modules_activity_targets.R;scripts/03_immune/06.cross_tissue_maturation_loto.R;scripts/03_immune/01.export_counts_metadata.R;scripts/03_immune/05.tissue_directed_C1_C12.R;scripts/03_immune/08.immune_differential_abundance.R;scripts/04_developmental_clock/02.celltype_lasso_clock.R;scripts/04_developmental_clock/01.prepare_celltype_clock_inputs.R;scripts/04_developmental_clock/04.stable_clock_gene_overlap.R;scripts/05_bulk_eqtl/04.bisque_fractions.R;scripts/05_bulk_eqtl/22.bmind_profile.R;scripts/06_transcriptome_age/06.lineage_cpm.R;scripts/06_transcriptome_age/05.tissue_celltype_cpm.R;scripts/07_cross_species/06.identify_marker_signatures.R;scripts/07_cross_species/11.slingshot.R;scripts/07_cross_species/09.trajectory_helpers.R;scripts/07_cross_species/16.similarity.R;scripts/07_cross_species/14.similarity_helpers.R	UNSPECIFIED
R	SingleCellExperiment	figures/Figure3/05.neighborhood_abundance.R;scripts/03_immune/08.immune_differential_abundance.R;scripts/05_bulk_eqtl/04.bisque_fractions.R	UNSPECIFIED
R	UpSetR	scripts/04_developmental_clock/04.stable_clock_gene_overlap.R;scripts/05_bulk_eqtl/39.summarize_celltype_qtl.R	UNSPECIFIED
R	VennDiagram	scripts/04_developmental_clock/04.stable_clock_gene_overlap.R;scripts/05_bulk_eqtl/39.summarize_celltype_qtl.R	UNSPECIFIED
R	ape	figures/Figure6/01.phylostratum_tree.R	UNSPECIFIED
R	biomaRt	scripts/07_cross_species/05.ortholog_expression_space.R	UNSPECIFIED
R	broom	scripts/05_bulk_eqtl/31.qtl_validation.R	UNSPECIFIED
R	car	scripts/06_transcriptome_age/08.tai_model_decomposition.R	UNSPECIFIED
R	caret	scripts/04_developmental_clock/04.stable_clock_gene_overlap.R	UNSPECIFIED
R	celda	scripts/01_atlas_annotation/01.qc_doublets_example_BBZF0D.R	UNSPECIFIED
R	circlize	figures/Figure3/01.immune_composition.R;figures/Figure3/02.subtype_program_enrichment.R;figures/Figure3/03.tissue_program_activity.R;figures/Supplementary/03.Supp05_observed_expected.R;figures/Supplementary/10.Supp17_celltype_expression_heatmap.R;scripts/02_developmental_dynamics/04.csi_modules_activity_targets.R;scripts/03_immune/06.cross_tissue_maturation_loto.R;scripts/03_immune/05.tissue_directed_C1_C12.R;scripts/07_cross_species/06.identify_marker_signatures.R;scripts/07_cross_species/16.similarity.R;scripts/07_cross_species/14.similarity_helpers.R	UNSPECIFIED
R	cluster	scripts/03_immune/05.tissue_directed_C1_C12.R;scripts/04_developmental_clock/01.prepare_celltype_clock_inputs.R	UNSPECIFIED
R	clusterProfiler	figures/Supplementary/12.Supp18_pseudotime_states.R;scripts/02_developmental_dynamics/02.perform_go_kegg_pig.R;scripts/02_developmental_dynamics/04.csi_modules_activity_targets.R;scripts/03_immune/07.perform_go_kegg_pig.R;scripts/07_cross_species/17.cross_species_go_kegg_mixed.R	UNSPECIFIED
R	coloc	scripts/05_bulk_eqtl/35.coloc_bulk_cse.R;scripts/05_bulk_eqtl/34.coloc_bulk_interaction.R;scripts/05_bulk_eqtl/36.coloc_interaction_cse.R	UNSPECIFIED
R	colorRamp2	figures/Figure3/01.immune_composition.R	UNSPECIFIED
R	cowplot	figures/Figure4/01.clock_prediction_assessment.R;figures/Figure5/01.mash_effect_sharing.R;figures/Supplementary/06.Supp13_15_genotype_expression.R;figures/Supplementary/05.Supp13_15_regional_associations.R;figures/Supplementary/08.Supp16_tai_summary.R;scripts/06_transcriptome_age/10.cross_species_tai.R;scripts/06_transcriptome_age/07.pseudobulk_tai.R;scripts/07_cross_species/11.slingshot.R;scripts/05_bulk_eqtl/39.summarize_celltype_qtl.R	UNSPECIFIED
R	data.table	figures/Figure5/01.mash_effect_sharing.R;figures/Supplementary/06.Supp13_15_genotype_expression.R;figures/Supplementary/05.Supp13_15_regional_associations.R;figures/Supplementary/07.Supp14_cell_fractions.R;scripts/02_developmental_dynamics/04.csi_modules_activity_targets.R;scripts/05_bulk_eqtl/10.export_bulk_associations.R;scripts/05_bulk_eqtl/11.filter_bulk_associations.R;scripts/05_bulk_eqtl/03.variant_maf_by_bin.R;scripts/05_bulk_eqtl/15.fit_mashr.R;scripts/05_bulk_eqtl/14.prepare_beta_se_supplement.R;scripts/05_bulk_eqtl/13.prepare_z_matrices.R;scripts/05_bulk_eqtl/20.export_interaction_associations.R;scripts/05_bulk_eqtl/21.filter_interaction_associations.R;scripts/05_bulk_eqtl/28.export_cse_associations.R;scripts/05_bulk_eqtl/29.filter_cse_associations.R;scripts/05_bulk_eqtl/24.prepare_cse_phenotypes.R;scripts/05_bulk_eqtl/35.coloc_bulk_cse.R;scripts/05_bulk_eqtl/34.coloc_bulk_interaction.R;scripts/05_bulk_eqtl/36.coloc_interaction_cse.R;scripts/05_bulk_eqtl/32.prepare_bulk_interaction_coloc.R;scripts/05_bulk_eqtl/33.prepare_cse_coloc.R;scripts/05_bulk_eqtl/31.qtl_validation.R;scripts/05_bulk_eqtl/30.shared_bulk_egene_enrichment.R;scripts/05_bulk_eqtl/39.summarize_celltype_qtl.R	UNSPECIFIED
R	devtools	scripts/03_immune/08.immune_differential_abundance.R	UNSPECIFIED
R	doParallel	scripts/02_developmental_dynamics/04.csi_modules_activity_targets.R	UNSPECIFIED
R	dplyr	figures/Figure1/02.lineage_celltype_composition.R;figures/Figure3/01.immune_composition.R;figures/Figure3/05.neighborhood_abundance.R;figures/Figure3/02.subtype_program_enrichment.R;figures/Figure3/03.tissue_program_activity.R;figures/Figure4/01.clock_prediction_assessment.R;figures/Figure6/01.phylostratum_tree.R;figures/Figure6/04.plot_relative_expression_helper.R;figures/Figure7/01.trajectory_conservation.R;figures/Supplementary/01.Supp01_02_quality_replicates.R;figures/Supplementary/05.Supp13_15_regional_associations.R;figures/Supplementary/07.Supp14_cell_fractions.R;figures/Supplementary/08.Supp16_tai_summary.R;figures/Supplementary/10.Supp17_celltype_expression_heatmap.R;figures/Supplementary/11.Supp17_marker_counts.R;figures/Supplementary/12.Supp18_pseudotime_states.R;scripts/02_developmental_dynamics/02.perform_go_kegg_pig.R;scripts/02_developmental_dynamics/04.csi_modules_activity_targets.R;scripts/03_immune/06.cross_tissue_maturation_loto.R;scripts/03_immune/07.perform_go_kegg_pig.R;scripts/03_immune/05.tissue_directed_C1_C12.R;scripts/03_immune/08.immune_differential_abundance.R;scripts/04_developmental_clock/03.bulk_lasso_clock.R;scripts/04_developmental_clock/02.celltype_lasso_clock.R;scripts/04_developmental_clock/04.stable_clock_gene_overlap.R;scripts/05_bulk_eqtl/07.prepare_bulk_expression.R;scripts/05_bulk_eqtl/01.subset_samples.R;scripts/05_bulk_eqtl/03.variant_maf_by_bin.R;scripts/05_bulk_eqtl/16.adjacent_effect_transitions.R;scripts/05_bulk_eqtl/22.bmind_profile.R;scripts/05_bulk_eqtl/24.prepare_cse_phenotypes.R;scripts/05_bulk_eqtl/35.coloc_bulk_cse.R;scripts/05_bulk_eqtl/34.coloc_bulk_interaction.R;scripts/05_bulk_eqtl/36.coloc_interaction_cse.R;scripts/05_bulk_eqtl/32.prepare_bulk_interaction_coloc.R;scripts/05_bulk_eqtl/33.prepare_cse_coloc.R;scripts/05_bulk_eqtl/31.qtl_validation.R;scripts/05_bulk_eqtl/30.shared_bulk_egene_enrichment.R;scripts/06_transcriptome_age/10.cross_species_tai.R;scripts/06_transcriptome_age/09.make_bulk_tai_object.R;scripts/06_transcriptome_age/07.pseudobulk_tai.R;scripts/06_transcriptome_age/08.tai_model_decomposition.R;scripts/07_cross_species/06.identify_marker_signatures.R;scripts/07_cross_species/05.ortholog_expression_space.R;scripts/07_cross_species/17.cross_species_go_kegg_mixed.R;scripts/07_cross_species/08.whole_cortex_dtw.R;scripts/07_cross_species/13.disease_gene_enrichment.R;scripts/07_cross_species/11.slingshot.R;scripts/07_cross_species/10.trajectory_classification_helpers.R;scripts/07_cross_species/09.trajectory_helpers.R;scripts/07_cross_species/15.robustness_inference.R;scripts/07_cross_species/16.similarity.R;scripts/07_cross_species/14.similarity_helpers.R;scripts/05_bulk_eqtl/39.summarize_celltype_qtl.R	UNSPECIFIED
R	dtw	scripts/07_cross_species/07.dtw_helpers.R;scripts/07_cross_species/08.whole_cortex_dtw.R;scripts/07_cross_species/09.trajectory_helpers.R	UNSPECIFIED
R	dynamicTreeCut	scripts/02_developmental_dynamics/04.csi_modules_activity_targets.R;scripts/03_immune/05.tissue_directed_C1_C12.R	UNSPECIFIED
R	edgeR	scripts/05_bulk_eqtl/05.counts_to_tmm_logcpm.R;scripts/05_bulk_eqtl/24.prepare_cse_phenotypes.R;scripts/06_transcriptome_age/06.lineage_cpm.R;scripts/06_transcriptome_age/09.make_bulk_tai_object.R;scripts/06_transcriptome_age/05.tissue_celltype_cpm.R;scripts/07_cross_species/05.ortholog_expression_space.R;scripts/07_cross_species/08.whole_cortex_dtw.R;scripts/07_cross_species/09.trajectory_helpers.R;scripts/07_cross_species/16.similarity.R;scripts/07_cross_species/14.similarity_helpers.R	UNSPECIFIED
R	effectsize	scripts/06_transcriptome_age/08.tai_model_decomposition.R	UNSPECIFIED
R	emmeans	scripts/06_transcriptome_age/08.tai_model_decomposition.R	UNSPECIFIED
R	enrichplot	scripts/02_developmental_dynamics/02.perform_go_kegg_pig.R;scripts/03_immune/07.perform_go_kegg_pig.R;scripts/07_cross_species/17.cross_species_go_kegg_mixed.R	UNSPECIFIED
R	factoextra	scripts/04_developmental_clock/01.prepare_celltype_clock_inputs.R	UNSPECIFIED
R	forcats	scripts/06_transcriptome_age/08.tai_model_decomposition.R;scripts/07_cross_species/13.disease_gene_enrichment.R	UNSPECIFIED
R	future	scripts/02_developmental_dynamics/01.adjacent_stage_findmarkers.R	UNSPECIFIED
R	ggbeeswarm	figures/Figure3/05.neighborhood_abundance.R	UNSPECIFIED
R	ggbreak	scripts/05_bulk_eqtl/39.summarize_celltype_qtl.R	UNSPECIFIED
R	ggnetwork	scripts/02_developmental_dynamics/04.csi_modules_activity_targets.R	UNSPECIFIED
R	ggplot2	figures/Figure1/02.lineage_celltype_composition.R;figures/Figure1/03.variance_components.R;figures/Figure3/01.immune_composition.R;figures/Figure3/05.neighborhood_abundance.R;figures/Figure3/02.subtype_program_enrichment.R;figures/Figure3/03.tissue_program_activity.R;figures/Figure4/01.clock_prediction_assessment.R;figures/Figure5/01.mash_effect_sharing.R;figures/Figure6/01.phylostratum_tree.R;figures/Figure6/03.plot_contribution_helper.R;figures/Figure6/04.plot_relative_expression_helper.R;figures/Figure6/02.plot_signature_helper.R;figures/Figure7/01.trajectory_conservation.R;figures/Supplementary/01.Supp01_02_quality_replicates.R;figures/Supplementary/02.Supp04_annotation_markers.R;figures/Supplementary/03.Supp05_observed_expected.R;figures/Supplementary/04.Supp12_clock_gene_expression.R;figures/Supplementary/06.Supp13_15_genotype_expression.R;figures/Supplementary/05.Supp13_15_regional_associations.R;figures/Supplementary/07.Supp14_cell_fractions.R;figures/Supplementary/08.Supp16_tai_summary.R;figures/Supplementary/11.Supp17_marker_counts.R;figures/Supplementary/12.Supp18_pseudotime_states.R;scripts/02_developmental_dynamics/04.csi_modules_activity_targets.R;scripts/03_immune/06.cross_tissue_maturation_loto.R;scripts/03_immune/08.immune_differential_abundance.R;scripts/04_developmental_clock/03.bulk_lasso_clock.R;scripts/04_developmental_clock/01.prepare_celltype_clock_inputs.R;scripts/04_developmental_clock/04.stable_clock_gene_overlap.R;scripts/05_bulk_eqtl/16.adjacent_effect_transitions.R;scripts/05_bulk_eqtl/31.qtl_validation.R;scripts/05_bulk_eqtl/30.shared_bulk_egene_enrichment.R;scripts/06_transcriptome_age/10.cross_species_tai.R;scripts/06_transcriptome_age/07.pseudobulk_tai.R;scripts/06_transcriptome_age/08.tai_model_decomposition.R;scripts/07_cross_species/07.dtw_helpers.R;scripts/07_cross_species/08.whole_cortex_dtw.R;scripts/07_cross_species/11.slingshot.R;scripts/07_cross_species/16.similarity.R;scripts/07_cross_species/14.similarity_helpers.R;scripts/05_bulk_eqtl/39.summarize_celltype_qtl.R	UNSPECIFIED
R	ggpubr	figures/Figure4/01.clock_prediction_assessment.R;figures/Figure6/04.plot_relative_expression_helper.R;figures/Supplementary/08.Supp16_tai_summary.R;scripts/04_developmental_clock/02.celltype_lasso_clock.R	UNSPECIFIED
R	ggraph	scripts/02_developmental_dynamics/04.csi_modules_activity_targets.R	UNSPECIFIED
R	ggsci	figures/Figure1/03.variance_components.R;figures/Figure6/01.phylostratum_tree.R;scripts/02_developmental_dynamics/04.csi_modules_activity_targets.R;scripts/07_cross_species/06.identify_marker_signatures.R	UNSPECIFIED
R	ggsignif	figures/Supplementary/08.Supp16_tai_summary.R	UNSPECIFIED
R	ggthemes	scripts/04_developmental_clock/04.stable_clock_gene_overlap.R	UNSPECIFIED
R	ggtree	figures/Figure6/01.phylostratum_tree.R	UNSPECIFIED
R	ggupset	scripts/04_developmental_clock/04.stable_clock_gene_overlap.R	UNSPECIFIED
R	ggvenn	scripts/04_developmental_clock/04.stable_clock_gene_overlap.R;scripts/05_bulk_eqtl/39.summarize_celltype_qtl.R	UNSPECIFIED
R	glmnet	scripts/03_immune/06.cross_tissue_maturation_loto.R;scripts/04_developmental_clock/03.bulk_lasso_clock.R;scripts/04_developmental_clock/02.celltype_lasso_clock.R;scripts/04_developmental_clock/01.prepare_celltype_clock_inputs.R;scripts/04_developmental_clock/04.stable_clock_gene_overlap.R	UNSPECIFIED
R	here	scripts/05_bulk_eqtl/04.bisque_fractions.R	UNSPECIFIED
R	igraph	scripts/02_developmental_dynamics/04.csi_modules_activity_targets.R	UNSPECIFIED
R	limma	scripts/07_cross_species/08.whole_cortex_dtw.R	UNSPECIFIED
R	lmtest	scripts/05_bulk_eqtl/30.shared_bulk_egene_enrichment.R	UNSPECIFIED
R	magrittr	scripts/01_atlas_annotation/01.qc_doublets_example_BBZF0D.R;scripts/02_developmental_dynamics/01.adjacent_stage_findmarkers.R	UNSPECIFIED
R	mashr	scripts/05_bulk_eqtl/15.fit_mashr.R	UNSPECIFIED
R	matrixStats	figures/Supplementary/10.Supp17_celltype_expression_heatmap.R	UNSPECIFIED
R	miloR	figures/Figure3/05.neighborhood_abundance.R;scripts/03_immune/08.immune_differential_abundance.R	1.2.0 (manuscript)
R	myTAI	figures/Supplementary/08.Supp16_tai_summary.R;scripts/06_transcriptome_age/10.cross_species_tai.R;scripts/06_transcriptome_age/09.make_bulk_tai_object.R;scripts/06_transcriptome_age/07.pseudobulk_tai.R	2.3.5 (manuscript)
R	org.Hs.eg.db	figures/Supplementary/12.Supp18_pseudotime_states.R	UNSPECIFIED
R	org.Ss.eg.db	scripts/02_developmental_dynamics/04.csi_modules_activity_targets.R;scripts/07_cross_species/05.ortholog_expression_space.R	UNSPECIFIED
R	patchwork	figures/Figure1/02.lineage_celltype_composition.R;figures/Figure3/05.neighborhood_abundance.R;figures/Figure3/03.tissue_program_activity.R;figures/Figure4/01.clock_prediction_assessment.R;figures/Figure7/01.trajectory_conservation.R;scripts/02_developmental_dynamics/04.csi_modules_activity_targets.R;scripts/03_immune/08.immune_differential_abundance.R;scripts/05_bulk_eqtl/31.qtl_validation.R;scripts/06_transcriptome_age/10.cross_species_tai.R;scripts/06_transcriptome_age/07.pseudobulk_tai.R;scripts/05_bulk_eqtl/39.summarize_celltype_qtl.R	UNSPECIFIED
R	pheatmap	figures/Figure5/01.mash_effect_sharing.R;figures/Supplementary/03.Supp05_observed_expected.R	UNSPECIFIED
R	plotly	scripts/02_developmental_dynamics/04.csi_modules_activity_targets.R	UNSPECIFIED
R	preprocessCore	scripts/05_bulk_eqtl/24.prepare_cse_phenotypes.R	UNSPECIFIED
R	purrr	figures/Figure4/01.clock_prediction_assessment.R;figures/Supplementary/11.Supp17_marker_counts.R;scripts/03_immune/05.tissue_directed_C1_C12.R;scripts/05_bulk_eqtl/16.adjacent_effect_transitions.R;scripts/05_bulk_eqtl/31.qtl_validation.R;scripts/05_bulk_eqtl/30.shared_bulk_egene_enrichment.R;scripts/06_transcriptome_age/08.tai_model_decomposition.R;scripts/07_cross_species/06.identify_marker_signatures.R;scripts/07_cross_species/13.disease_gene_enrichment.R;scripts/07_cross_species/15.robustness_inference.R;scripts/07_cross_species/16.similarity.R;scripts/07_cross_species/14.similarity_helpers.R	UNSPECIFIED
R	readr	figures/Figure7/01.trajectory_conservation.R;scripts/06_transcriptome_age/10.cross_species_tai.R;scripts/06_transcriptome_age/07.pseudobulk_tai.R;scripts/06_transcriptome_age/08.tai_model_decomposition.R;scripts/07_cross_species/09.trajectory_helpers.R	UNSPECIFIED
R	reshape2	figures/Figure6/03.plot_contribution_helper.R;figures/Figure6/04.plot_relative_expression_helper.R;figures/Supplementary/08.Supp16_tai_summary.R;scripts/02_developmental_dynamics/04.csi_modules_activity_targets.R	UNSPECIFIED
R	rtracklayer	scripts/05_bulk_eqtl/24.prepare_cse_phenotypes.R	UNSPECIFIED
R	sandwich	scripts/05_bulk_eqtl/30.shared_bulk_egene_enrichment.R	UNSPECIFIED
R	scales	figures/Figure1/03.variance_components.R;figures/Figure3/02.subtype_program_enrichment.R;figures/Figure6/01.phylostratum_tree.R;figures/Figure6/03.plot_contribution_helper.R;figures/Figure6/04.plot_relative_expression_helper.R;figures/Figure6/02.plot_signature_helper.R;figures/Figure7/01.trajectory_conservation.R;scripts/05_bulk_eqtl/31.qtl_validation.R;scripts/05_bulk_eqtl/30.shared_bulk_egene_enrichment.R;scripts/06_transcriptome_age/08.tai_model_decomposition.R;scripts/07_cross_species/11.slingshot.R;scripts/05_bulk_eqtl/39.summarize_celltype_qtl.R	UNSPECIFIED
R	scater	figures/Figure3/05.neighborhood_abundance.R;scripts/01_atlas_annotation/01.qc_doublets_example_BBZF0D.R;scripts/03_immune/08.immune_differential_abundance.R	UNSPECIFIED
R	scico	scripts/02_developmental_dynamics/04.csi_modules_activity_targets.R	UNSPECIFIED
R	scran	figures/Figure3/05.neighborhood_abundance.R;scripts/03_immune/08.immune_differential_abundance.R	UNSPECIFIED
R	scuttle	figures/Figure3/05.neighborhood_abundance.R;scripts/03_immune/08.immune_differential_abundance.R	UNSPECIFIED
R	sessioninfo	scripts/05_bulk_eqtl/04.bisque_fractions.R	UNSPECIFIED
R	slingshot	scripts/07_cross_species/11.slingshot.R	UNSPECIFIED
R	stringr	figures/Figure4/01.clock_prediction_assessment.R;scripts/02_developmental_dynamics/04.csi_modules_activity_targets.R;scripts/06_transcriptome_age/08.tai_model_decomposition.R;scripts/07_cross_species/05.ortholog_expression_space.R;scripts/07_cross_species/13.disease_gene_enrichment.R;scripts/04_developmental_clock/04.stable_clock_gene_overlap.R	UNSPECIFIED
R	tibble	figures/Figure3/02.subtype_program_enrichment.R;figures/Figure6/03.plot_contribution_helper.R;figures/Figure6/04.plot_relative_expression_helper.R;figures/Figure6/02.plot_signature_helper.R;figures/Supplementary/12.Supp18_pseudotime_states.R;scripts/02_developmental_dynamics/04.csi_modules_activity_targets.R;scripts/03_immune/05.tissue_directed_C1_C12.R;scripts/05_bulk_eqtl/22.bmind_profile.R;scripts/05_bulk_eqtl/31.qtl_validation.R;scripts/07_cross_species/05.ortholog_expression_space.R;scripts/07_cross_species/09.trajectory_helpers.R;scripts/07_cross_species/15.robustness_inference.R;scripts/07_cross_species/16.similarity.R;scripts/07_cross_species/14.similarity_helpers.R;scripts/05_bulk_eqtl/39.summarize_celltype_qtl.R	UNSPECIFIED
R	tidyr	figures/Figure3/01.immune_composition.R;figures/Figure3/02.subtype_program_enrichment.R;figures/Figure3/03.tissue_program_activity.R;figures/Supplementary/01.Supp01_02_quality_replicates.R;figures/Supplementary/04.Supp12_clock_gene_expression.R;figures/Supplementary/08.Supp16_tai_summary.R;figures/Supplementary/10.Supp17_celltype_expression_heatmap.R;scripts/02_developmental_dynamics/04.csi_modules_activity_targets.R;scripts/03_immune/06.cross_tissue_maturation_loto.R;scripts/03_immune/05.tissue_directed_C1_C12.R;scripts/04_developmental_clock/04.stable_clock_gene_overlap.R;scripts/05_bulk_eqtl/16.adjacent_effect_transitions.R;scripts/05_bulk_eqtl/31.qtl_validation.R;scripts/05_bulk_eqtl/30.shared_bulk_egene_enrichment.R;scripts/06_transcriptome_age/08.tai_model_decomposition.R;scripts/07_cross_species/08.whole_cortex_dtw.R;scripts/07_cross_species/15.robustness_inference.R;scripts/07_cross_species/16.similarity.R;scripts/07_cross_species/14.similarity_helpers.R;scripts/05_bulk_eqtl/39.summarize_celltype_qtl.R	UNSPECIFIED
R	tidyverse	figures/Figure4/01.clock_prediction_assessment.R;figures/Figure5/01.mash_effect_sharing.R;figures/Figure7/01.trajectory_conservation.R;figures/Supplementary/03.Supp05_observed_expected.R;figures/Supplementary/04.Supp12_clock_gene_expression.R;figures/Supplementary/07.Supp14_cell_fractions.R;scripts/02_developmental_dynamics/04.csi_modules_activity_targets.R;scripts/04_developmental_clock/02.celltype_lasso_clock.R;scripts/04_developmental_clock/01.prepare_celltype_clock_inputs.R;scripts/04_developmental_clock/04.stable_clock_gene_overlap.R;scripts/06_transcriptome_age/10.cross_species_tai.R;scripts/07_cross_species/12.trajectory_wide_classification.R;scripts/05_bulk_eqtl/39.summarize_celltype_qtl.R	UNSPECIFIED
R	tradeSeq	scripts/07_cross_species/11.slingshot.R	UNSPECIFIED
R	viridis	figures/Figure7/01.trajectory_conservation.R;scripts/04_developmental_clock/02.celltype_lasso_clock.R	UNSPECIFIED
Python	loompy	scripts/02_developmental_dynamics/helpers/02.counts_loom.py	UNSPECIFIED
External	GTEx/qtl expression-preparation script	scripts/05_bulk_eqtl/08.expression_commands.sh	UNSPECIFIED
External	CattleCell-GTEx strong-pair scripts	scripts/05_bulk_eqtl/12.extract_strong_pairs.sh	UNSPECIFIED
