script	module	language	origin_note	sha256
figures/Figure1/01.atlas_embedding.py	Figure1	Python	Adapted from the project analysis source; see manuscript Methods and code comments	43ed80861d912e193783a1c82664be21ab32fa2dafca758e76cbe883feb09293
figures/Figure1/02.lineage_celltype_composition.R	Figure1	R	Adapted from the project analysis source; see manuscript Methods and code comments	3a78a4c0e5f47fcb66af2510e37ec1492a509e5e6c5fe0beea3649407ee038e3
figures/Figure1/03.variance_components.R	Figure1	R	Adapted from the project analysis source; see manuscript Methods and code comments	38f18d0b5519d6add7c815d0924b756ece0d5fd04d6c8686af58bb7765fc05b5
figures/Figure3/01.immune_composition.R	Figure3	R	Adapted from the project analysis source; see manuscript Methods and code comments	ad010d9ecf6e9e60115c15b644c0b338dc3adb825efeea02873680084d515421
figures/Figure3/02.subtype_program_enrichment.R	Figure3	R	Adapted from the project analysis source; see manuscript Methods and code comments	94de12cd0845f6279de0e12592520efac7833339371d1ce2e1c0f004ab454f12
figures/Figure3/03.tissue_program_activity.R	Figure3	R	Adapted from the project analysis source; see manuscript Methods and code comments	da09e47745e6b1168523b094ccd653cda0aab68dfb3789ac56c58af470921a5d
figures/Figure3/04.plot_da_beeswarm_helper.R	Figure3	R	Adapted from the project analysis source; see manuscript Methods and code comments	c71040f2171ccebd482b0f7750b33be3c402609e1ca71321dee95297b53f1c96
figures/Figure3/05.neighborhood_abundance.R	Figure3	R	Adapted from the project analysis source; see manuscript Methods and code comments	1635fd528e79e0fd77ba90d4c647789a8e4d28e0d0bc5efef24eeb993c17be33
figures/Figure4/01.clock_prediction_assessment.R	Figure4	R	Adapted from the project analysis source; see manuscript Methods and code comments	d4acfc45151e387ee50729ec2584104ff8b63604556f4514d0ab158f27c88a2f
figures/Figure5/01.mash_effect_sharing.R	Figure5	R	Adapted from the project analysis source; see manuscript Methods and code comments	d1f9a298c40dcffdf029ff3298894551ae7a4ec71155126443f44b2c24d29b51
figures/Figure6/01.phylostratum_tree.R	Figure6	R	Adapted from the project analysis source; see manuscript Methods and code comments	da3ec1b10c8ed08786eb544471a93a1c18e6f96ac88749fea06adbb0d4d6b2d6
figures/Figure6/02.plot_signature_helper.R	Figure6	R	Adapted from the project analysis source; see manuscript Methods and code comments	a45abe90df581739ce28d8125051afac53018ed500340952e604bf323b6b66fa
figures/Figure6/03.plot_contribution_helper.R	Figure6	R	Adapted from the project analysis source; see manuscript Methods and code comments	c91d9841822590460a60fcccbfa07bf34cd1bf5f17e9592390c6488cf6a52ea0
figures/Figure6/04.plot_relative_expression_helper.R	Figure6	R	Adapted from the project analysis source; see manuscript Methods and code comments	4c04b57233ded3ba1f634fc9a36527214084ca9af88160623debe2cf7cc01d60
figures/Figure7/01.trajectory_conservation.R	Figure7	R	Adapted from the project analysis source; see manuscript Methods and code comments	1a766fa3dca2b21eb7830e367d10e99c92cf270400c31d148d96ded99af83d3e
figures/Supplementary/01.Supp01_02_quality_replicates.R	Supplementary	R	Adapted from the project analysis source; see manuscript Methods and code comments	54bf8a47bda298e1084a4bc0a73ec328e649d9b44edf670b801a5d3f99c117b7
figures/Supplementary/02.Supp04_annotation_markers.R	Supplementary	R	Adapted from the project analysis source; see manuscript Methods and code comments	a2a0c4887214ecb604e621635ea6893702cc598d4d2ea4d42508f5516073e70f
figures/Supplementary/03.Supp05_observed_expected.R	Supplementary	R	Adapted from the project analysis source; see manuscript Methods and code comments	2a76cae45fd1618cef820de2127d09c66f870fa057b4aa1e8665ad893fa0d71c
figures/Supplementary/04.Supp12_clock_gene_expression.R	Supplementary	R	Adapted from the project analysis source; see manuscript Methods and code comments	d11ddf71066a6b786c6b22803860a87288d2d0e6ce78dc56d718c83db07fc2e4
figures/Supplementary/05.Supp13_15_regional_associations.R	Supplementary	R	Adapted from the project analysis source; see manuscript Methods and code comments	eb269695a1e583ce635ddeabf6590f9d80b038741a0376fe4b91613a27676049
figures/Supplementary/06.Supp13_15_genotype_expression.R	Supplementary	R	Adapted from the project analysis source; see manuscript Methods and code comments	b929e0155d70d253b9be773d10fe8db302f45a4e1843e21b05d15f65f508acdd
figures/Supplementary/07.Supp14_cell_fractions.R	Supplementary	R	Adapted from the project analysis source; see manuscript Methods and code comments	0be48072cfa583bb1393bcb055152509a50a3f813976325d997e4099851d0251
figures/Supplementary/08.Supp16_tai_summary.R	Supplementary	R	Adapted from the project analysis source; see manuscript Methods and code comments	0b8b96c5fcdeb615fbfec0b537e2c862430350eadefb63c6b298fb7c5c64fe48
figures/Supplementary/09.Supp17_camex_embedding.py	Supplementary	Python	Adapted from the project analysis source; see manuscript Methods and code comments	b21917093bffc377b277d3ddc85725458f844c7033d4d1f2dfe016df80007c24
figures/Supplementary/10.Supp17_celltype_expression_heatmap.R	Supplementary	R	Adapted from the project analysis source; see manuscript Methods and code comments	702d9e28a613935c53fdcd09956884b963a291864f23a5cf926402bf768957a2
figures/Supplementary/11.Supp17_marker_counts.R	Supplementary	R	Adapted from the project analysis source; see manuscript Methods and code comments	37c4b19fa81585b2c2870cc077e089dce3ff900091c5aa083872513f3bf53468
figures/Supplementary/12.Supp18_pseudotime_states.R	Supplementary	R	Adapted from the project analysis source; see manuscript Methods and code comments	c4428372737a7ddd867fddb77e0535968b0574196e900a240434c95e2ff5ff7a
scripts/01_atlas_annotation/01.qc_doublets_example_BBZF0D.R	01_atlas_annotation	R	Adapted from the project analysis source; see manuscript Methods and code comments	a62cabd0bd41173f5db485237ae0e04b5813730b12588f1b86999a1bea6ddd6b
scripts/01_atlas_annotation/02.export_counts_metadata.R	01_atlas_annotation	R	Adapted from the project analysis source; see manuscript Methods and code comments	d587517e3ecab1c5172cef2efb21ffa8ce15df5e816cc9fbebf954efd87e3f5d
scripts/01_atlas_annotation/03.build_anndata.py	01_atlas_annotation	Python	Adapted from the project analysis source; see manuscript Methods and code comments	9cf0bb2a18f22f8afaa53fde54e76d06f123766c8dff6b90d15027c2ca3f8ad6
scripts/01_atlas_annotation/04.integrate_scvi_all.py	01_atlas_annotation	Python	Adapted from the project analysis source; see manuscript Methods and code comments	c04e9f9d5edf2be4789a7ae32cb9b6360886608e73544a909bab76057936579b
scripts/01_atlas_annotation/05.scvi_graph_clustering.py	01_atlas_annotation	Python	Adapted from the project analysis source; see manuscript Methods and code comments	5ba02751339874d455549ddb8ecbb848cd5b320a075cec4ed926e3848dbe9e00
scripts/01_atlas_annotation/06.export_scvi_embedding.py	01_atlas_annotation	Python	Adapted from the project analysis source; see manuscript Methods and code comments	c6ce0f9796ccb9dece99d0c1145dc722d506521c15754d3462e69df30e2df4c3
scripts/01_atlas_annotation/07.benchmark_integrations.py	01_atlas_annotation	Python	Adapted from the project analysis source; see manuscript Methods and code comments	38ba04e389ed5560ff837d9c9507bf3a9c812dd68d0d36fb5f255c1201645c50
scripts/02_developmental_dynamics/01.adjacent_stage_findmarkers.R	02_developmental_dynamics	R	Adapted from the project analysis source; see manuscript Methods and code comments	68f66f411749abcdd64c9d1e3240dfbe32326aed8224a8393238df3e934ca572
scripts/02_developmental_dynamics/02.perform_go_kegg_pig.R	02_developmental_dynamics	R	Adapted from the project analysis source; see manuscript Methods and code comments	eca77189ee005cd7770769af1c8349fae1f73ade5eb6657fe5d6cb0ae0d723f6
scripts/02_developmental_dynamics/03.run_pyscenic.sh	02_developmental_dynamics	Shell	Adapted from the project analysis source; see manuscript Methods and code comments	acef4c79dc3eebecc609c1e37be2d9c25d4d7ba5ff1ad13aa997a19eddd63c7b
scripts/02_developmental_dynamics/04.csi_modules_activity_targets.R	02_developmental_dynamics	R	Adapted from the project analysis source; see manuscript Methods and code comments	fb86c7e78b4a73a54858c0cd5cbce735d8442c96222cbb0921475de762120139
scripts/02_developmental_dynamics/helpers/01.get_counts.R	02_developmental_dynamics	R	Cleaned copy of recovered project SCENIC helper	15ef10809717f127cd396a97b289cdefa3f1c108e28b12ef4a4efa11527c2609
scripts/02_developmental_dynamics/helpers/02.counts_loom.py	02_developmental_dynamics	Python	Cleaned copy of recovered project SCENIC helper	8fd892e4548d131f81dadb3a4f14f06c5b009d3a208b75386ba242d5c8059107
scripts/02_developmental_dynamics/helpers/03.calc_csi_module_activity.R	02_developmental_dynamics	R	Cleaned from a recovered author-supplied SCENIC helper; removed an invalid unused assignment and translated comments	482a9ed411193d8a0d8e0c161878207d98efb2e92676d6ab597e31def09c10b8
scripts/03_immune/01.export_counts_metadata.R	03_immune	R	Adapted from the project analysis source; see manuscript Methods and code comments	1fc15fa1162156ea13d1c99e6115091f66656b212d629271ea17a03c83072409
scripts/03_immune/02.build_anndata.py	03_immune	Python	Adapted from the project analysis source; see manuscript Methods and code comments	f66376cc8adcc4a385ca15c0be0bc5696b717d8d22da3d4cb67cee2e2dcc0fe6
scripts/03_immune/03.integrate_scvi.py	03_immune	Python	Adapted from the project analysis source; see manuscript Methods and code comments	d69eeed8bb6466fff9d0e79f579ed86f164dab0b750e4cc1d472c97304c3cf9c
scripts/03_immune/04.graph_clustering.py	03_immune	Python	Adapted from the project analysis source; see manuscript Methods and code comments	002d9d64892ce6986715df10e5de0e0fca60cf7a3a83cb838a4494716f2ef7d6
scripts/03_immune/05.tissue_directed_C1_C12.R	03_immune	R	Adapted from the project analysis source; see manuscript Methods and code comments	45560c2d884d6fe4eadf4b5251de24ea11bfb8dd95effa1adef9bae6494490e9
scripts/03_immune/06.cross_tissue_maturation_loto.R	03_immune	R	Adapted from the project analysis source; see manuscript Methods and code comments	20d3d7a88669c694f0b5f855555de095443767ca87815b4d50e5dcd48e0bf699
scripts/03_immune/07.perform_go_kegg_pig.R	03_immune	R	Adapted from the project analysis source; see manuscript Methods and code comments	33d7f54de240db3fdd611558d032d3f08c8566f9fe76e9a01b23f33614a9d859
scripts/03_immune/08.immune_differential_abundance.R	03_immune	R	Adapted from the project analysis source; see manuscript Methods and code comments	030749ee9ce35d551a1065e835af546451e478e91a780e84a709134316c32735
scripts/04_developmental_clock/01.prepare_celltype_clock_inputs.R	04_developmental_clock	R	Adapted from the project analysis source; see manuscript Methods and code comments	acc4838aa3ba0a35c18e7c363792e1b23fb84a3d3ea000b87456e15e4ccc5308
scripts/04_developmental_clock/02.celltype_lasso_clock.R	04_developmental_clock	R	Adapted from the project analysis source; see manuscript Methods and code comments	60d7e366087c4ba980c19c90c010df634ebfcdea770f6c647a19d88464cb0880
scripts/04_developmental_clock/03.bulk_lasso_clock.R	04_developmental_clock	R	Adapted from the project analysis source; see manuscript Methods and code comments	c8eabf39ce9d89339b34fc3a4cfcb1bd1bcabc97e83b49073aed4de617dd8444
scripts/04_developmental_clock/04.stable_clock_gene_overlap.R	04_developmental_clock	R	Adapted from the project analysis source; see manuscript Methods and code comments	15cebeb9036cf9e334b882bebd1618e7a967ac4e1bd22ba7ebc81f9920afb9e7
scripts/05_bulk_eqtl/01.subset_samples.R	05_bulk_eqtl	R	Adapted from the project analysis source; see manuscript Methods and code comments	fdbbefa43b0d983421ec6e84eedba805623d038617eeb7988d07ec4564da2795
scripts/05_bulk_eqtl/02.genotype_subsetting_pcs.sh	05_bulk_eqtl	Shell	Adapted from the project analysis source; see manuscript Methods and code comments	51cf62c7d2e7bbe4883a567f0042ffe70623fd598d94d7b157b9188c6d029def
scripts/05_bulk_eqtl/03.variant_maf_by_bin.R	05_bulk_eqtl	R	Adapted from the project analysis source; see manuscript Methods and code comments	c0c8a445fd7b7b1d6792236672e35379f21a5a917680e3a0fa7319c7cc8b66da
scripts/05_bulk_eqtl/04.bisque_fractions.R	05_bulk_eqtl	R	Adapted from the project analysis source; see manuscript Methods and code comments	86c31ae0c4c8dfd50746e642235a6e1aa2f23e9d1ef76645ed477e81251cda9b
scripts/05_bulk_eqtl/05.counts_to_tmm_logcpm.R	05_bulk_eqtl	R	Adapted from the project analysis source; see manuscript Methods and code comments	2e25a045963de33643e1d653b7c134519ea8456733696d555505d2c5fa8167bf
scripts/05_bulk_eqtl/06.write_gct.R	05_bulk_eqtl	R	Adapted from the project analysis source; see manuscript Methods and code comments	974bf2c718eda2162d55073bd6c15cc20f54c456d2af1152e3b0f72750368884
scripts/05_bulk_eqtl/07.prepare_bulk_expression.R	05_bulk_eqtl	R	Adapted from the project analysis source; see manuscript Methods and code comments	ac5ff764efa13545ca7fc99ea4415dd2f14e2e78294807db160fb4d89ae8067b
scripts/05_bulk_eqtl/08.expression_commands.sh	05_bulk_eqtl	Shell	Adapted from the project analysis source; see manuscript Methods and code comments	44950a1a1530abb896cb89b0643b636563767d3a43693b8d1ddd6dd6d5a8e948
scripts/05_bulk_eqtl/09.map_bulk_cis.sh	05_bulk_eqtl	Shell	Adapted from the project analysis source; see manuscript Methods and code comments	7d297d5ece27400bd12ace206a3b0fe71ece845078f95fd207661eae0342cc1d
scripts/05_bulk_eqtl/10.export_bulk_associations.R	05_bulk_eqtl	R	Adapted from the project analysis source; see manuscript Methods and code comments	e30673b6e6475f1ae6e12aab5b22abd9c59f316dc39c9f928d83fa52d6530f0f
scripts/05_bulk_eqtl/11.filter_bulk_associations.R	05_bulk_eqtl	R	Adapted from the project analysis source; see manuscript Methods and code comments	c8e7294d3fd5399908b495dc1ef70936aaedfc54c0a7aae550968ddd1924f0c6
scripts/05_bulk_eqtl/12.extract_strong_pairs.sh	05_bulk_eqtl	Shell	Adapted from the project analysis source; see manuscript Methods and code comments	b7703b51fbe1972fdaf7716935452d6f90a3dda46598bfd8da838801e9ade4ba
scripts/05_bulk_eqtl/13.prepare_z_matrices.R	05_bulk_eqtl	R	Adapted from the project analysis source; see manuscript Methods and code comments	49cc25e7576b835854a8bdedd28ead3b2175463606bbd250929aee46cfa8ae02
scripts/05_bulk_eqtl/14.prepare_beta_se_supplement.R	05_bulk_eqtl	R	Adapted from the project analysis source; see manuscript Methods and code comments	4b0ecfded05563603cde30170e6ab194a29039c5000f442d640cc219a5e0eab5
scripts/05_bulk_eqtl/15.fit_mashr.R	05_bulk_eqtl	R	Adapted from the project analysis source; see manuscript Methods and code comments	81c57f71fa6807d4466dc965669ed67bd6abbecae8bcb7bfb2472a6bc7ba5880
scripts/05_bulk_eqtl/16.adjacent_effect_transitions.R	05_bulk_eqtl	R	Adapted from the project analysis source; see manuscript Methods and code comments	5a01c823b8a09e8be817f7d5d5a7b3a5b735f51c4990c45a98edf1037c072335
scripts/05_bulk_eqtl/17.map_interaction_bins1_4.sh	05_bulk_eqtl	Shell	Adapted from the project analysis source; see manuscript Methods and code comments	e7081e173d2e1b2150202c2f1b051f0e4b02f95d63fa4f6d4a3b4b18be2130b0
scripts/05_bulk_eqtl/18.map_interaction_bin2.sh	05_bulk_eqtl	Shell	Adapted from the project analysis source; see manuscript Methods and code comments	5ded1c687caf13b266609a51560f3110108af90117324d63dfb5c47507362446
scripts/05_bulk_eqtl/19.map_interaction_bin3.sh	05_bulk_eqtl	Shell	Adapted from the project analysis source; see manuscript Methods and code comments	dae701acdd21647132a8313646c753d72c8b1b073d73feecc88f9d1942530c6b
scripts/05_bulk_eqtl/20.export_interaction_associations.R	05_bulk_eqtl	R	Adapted from the project analysis source; see manuscript Methods and code comments	cbcdbf0e487b3345ee839b8621d01f953b9f56185bb4680aad48500f40a72891
scripts/05_bulk_eqtl/21.filter_interaction_associations.R	05_bulk_eqtl	R	Adapted from the project analysis source; see manuscript Methods and code comments	f9f756395702c72e71e5e74fc14347b5736b217642a1483c990681fdbf49c46b
scripts/05_bulk_eqtl/22.bmind_profile.R	05_bulk_eqtl	R	Adapted from the project analysis source; see manuscript Methods and code comments	dd07e7ad68b25a1bb46541badf440660adce5a9e8d30fced2b63c5f0e3ced541
scripts/05_bulk_eqtl/23.gene_rint.R	05_bulk_eqtl	R	Adapted from the project analysis source; see manuscript Methods and code comments	c65a949f059cc63a465fa1e0f2874cd961ba879c5f71b3d2af09d1ccb44d963e
scripts/05_bulk_eqtl/24.prepare_cse_phenotypes.R	05_bulk_eqtl	R	Adapted from the project analysis source; see manuscript Methods and code comments	13ce49c250766685dda54c682401e23fe23153fb49d4ff330433790cd20aabaf
scripts/05_bulk_eqtl/25.map_cse_bins1_4.sh	05_bulk_eqtl	Shell	Adapted from the project analysis source; see manuscript Methods and code comments	f74851c700c6928b9eb054bd891b8a8e460c93be7922582e80bad34c742bb876
scripts/05_bulk_eqtl/26.map_cse_bin2.sh	05_bulk_eqtl	Shell	Adapted from the project analysis source; see manuscript Methods and code comments	8b61e9c257cad27fabfaae189c1d5df596c1fd4f2ad4576b3642e57aff64ab71
scripts/05_bulk_eqtl/27.map_cse_bin3.sh	05_bulk_eqtl	Shell	Adapted from the project analysis source; see manuscript Methods and code comments	b808f6b87376c6d60a3c05b3d5114c8f168d7cc8f1035b646da7f5b6407947fa
scripts/05_bulk_eqtl/28.export_cse_associations.R	05_bulk_eqtl	R	Adapted from the project analysis source; see manuscript Methods and code comments	7f220290a7e50ce15c798c6aefec314580c0d30cd460545be4b3e10c23fb5eab
scripts/05_bulk_eqtl/29.filter_cse_associations.R	05_bulk_eqtl	R	Adapted from the project analysis source; see manuscript Methods and code comments	b97dd2b4699d7ed8935b32793d9cf74741cae3b2aef26f8f33eeb7a3e43c77dd
scripts/05_bulk_eqtl/30.shared_bulk_egene_enrichment.R	05_bulk_eqtl	R	Adapted from the project analysis source; see manuscript Methods and code comments	46f34693717216b6ff101349fea94f62442d59454c2ab5412c07349b5869ea81
scripts/05_bulk_eqtl/31.qtl_validation.R	05_bulk_eqtl	R	Adapted from the project analysis source; see manuscript Methods and code comments	cbf1691186380c7bc7b54457f560f52cf430da5a99629a12474e7da597ed50f9
scripts/05_bulk_eqtl/32.prepare_bulk_interaction_coloc.R	05_bulk_eqtl	R	Adapted from the project analysis source; see manuscript Methods and code comments	aab54d303276c6b6274c788f0b6f90759579edd00860385d0fae66f855df77fa
scripts/05_bulk_eqtl/33.prepare_cse_coloc.R	05_bulk_eqtl	R	Adapted from the project analysis source; see manuscript Methods and code comments	6c9ecebb9f2ab32ff8a608370c963bc27f3a4aa6635ef7ed1e260631406f260e
scripts/05_bulk_eqtl/34.coloc_bulk_interaction.R	05_bulk_eqtl	R	Adapted from the project analysis source; see manuscript Methods and code comments	8e3e3e9c8e8427c62b3f585bd6bbebec1dabe6b9172d6d02a7531ce7eff2c751
scripts/05_bulk_eqtl/35.coloc_bulk_cse.R	05_bulk_eqtl	R	Adapted from the project analysis source; see manuscript Methods and code comments	29229a1a304415289b314f7a5b37313f9a9c328e1fae0932bfecb399e33f00a6
scripts/05_bulk_eqtl/36.coloc_interaction_cse.R	05_bulk_eqtl	R	Adapted from the project analysis source; see manuscript Methods and code comments	fd191e1fef842c13b1f31e3907a9e9827b4a2c8a96728cad493629b9d2cd3318
scripts/05_bulk_eqtl/38.calculate_ld.sh	05_bulk_eqtl	Shell	Adapted from the project analysis source; see manuscript Methods and code comments	0905732dece328f8d3004647f91d01addb87ebdd2901b5a87c1397c02c85338e
scripts/05_bulk_eqtl/39.summarize_celltype_qtl.R	05_bulk_eqtl	R	Adapted from the project analysis source; see manuscript Methods and code comments	b4129b9aa1ddb76c2ee0d323fb15520081b5b60c8795da24a3c5cf917c4b3996
scripts/06_transcriptome_age/01.build_taxonomy_lineages.sh	06_transcriptome_age	Shell	Adapted from the project analysis source; see manuscript Methods and code comments	1808fd3d002baa3d5f5f8077b9193cbd6253bc895c3a69acc431b812fd114d5a
scripts/06_transcriptome_age/02.build_gene_age_database.sh	06_transcriptome_age	Shell	Adapted from the project analysis source; see manuscript Methods and code comments	372e405cdc2e5464043a19b23e26c837d221d4569d1c35fa8f4d7569cccdb301
scripts/06_transcriptome_age/03.infer_gene_age.sh	06_transcriptome_age	Shell	Adapted from the project analysis source; see manuscript Methods and code comments	0337622bfd3e6ed5cb640dbc1e7c2009a0aacf673e10cd66eb46bea464b6cead
scripts/06_transcriptome_age/04.expression_conversion_helpers.R	06_transcriptome_age	R	Adapted from the project analysis source; see manuscript Methods and code comments	f5af972fd1ea1a292cf28f6c43248946abc4cd92644bdb3ffa1230985e1ecdff
scripts/06_transcriptome_age/05.tissue_celltype_cpm.R	06_transcriptome_age	R	Adapted from the project analysis source; see manuscript Methods and code comments	5c801422f4dfa4a97ee52bd7314151bb39719ed29f4576b52153190a416b7ba5
scripts/06_transcriptome_age/06.lineage_cpm.R	06_transcriptome_age	R	Adapted from the project analysis source; see manuscript Methods and code comments	951ae76999352f0db243e079f875954219af558092c72873904b6de41aaf0bce
scripts/06_transcriptome_age/07.pseudobulk_tai.R	06_transcriptome_age	R	Adapted from the project analysis source; see manuscript Methods and code comments	d39d381b5325268d413afdf53bbbc38c7fe28d04666ae2e68ede34bbf66f8e83
scripts/06_transcriptome_age/08.tai_model_decomposition.R	06_transcriptome_age	R	Adapted from the project analysis source; see manuscript Methods and code comments	e7888dac3fd6a00f8aa0c8211aa943efbbd08c2d8797cbe262ad5782c7358f84
scripts/06_transcriptome_age/09.make_bulk_tai_object.R	06_transcriptome_age	R	Adapted from the project analysis source; see manuscript Methods and code comments	592fd2b744fa7a085c6b161dd1c858cf41742e034108e0a0262969af73f1c0cd
scripts/06_transcriptome_age/10.cross_species_tai.R	06_transcriptome_age	R	Adapted from the project analysis source; see manuscript Methods and code comments	58e13e9da709f885e314391617421d8da8511ecb332399c3b0dba3ab93ab0a02
scripts/07_cross_species/01.camex_params.py	07_cross_species	Python	Adapted from the project analysis source; see manuscript Methods and code comments	1669352a40907dbdd375f0a45bc49b61952f290676d0c7abf194f601b40e6da0
scripts/07_cross_species/02.integrate_camex.py	07_cross_species	Python	Adapted from the project analysis source; see manuscript Methods and code comments	2799eb5e175c12392351f2e7b394fa8c4cf1dd83c9d90f42c5c2fc51a55df547
scripts/07_cross_species/03.species_stage_pseudobulk.py	07_cross_species	Python	Adapted from the project analysis source; see manuscript Methods and code comments	daea4e35e24deb4657579e16eb3f899bda1a042aaf2789bc1d7fc3c484577702
scripts/07_cross_species/04.species_sample_stage_pseudobulk.py	07_cross_species	Python	Adapted from the project analysis source; see manuscript Methods and code comments	d8a376a83b4455f3ee7fa052f5aa817181deed4a61481155f93c40c83f83a594
scripts/07_cross_species/05.ortholog_expression_space.R	07_cross_species	R	Adapted from the project analysis source; see manuscript Methods and code comments	d5fdc18a1392ea0795395b5cfce7dc39ac756436db10e049ae1d03fe4c5fa069
scripts/07_cross_species/06.identify_marker_signatures.R	07_cross_species	R	Adapted from the project analysis source; see manuscript Methods and code comments	9eecd39a71092a5f401b450f812439ca904a60d26bc8af817b8ff482bcd6b62a
scripts/07_cross_species/07.dtw_helpers.R	07_cross_species	R	Adapted from the project analysis source; see manuscript Methods and code comments	081f285a0c6a4e26ae9acc1bf61c83aa556a6232e059697292f85ff845510a57
scripts/07_cross_species/08.whole_cortex_dtw.R	07_cross_species	R	Adapted from the project analysis source; see manuscript Methods and code comments	1c5b402608eb4c473407c9c7f38e30a11ac59d91268ef49e9b716633f1ef7526
scripts/07_cross_species/09.trajectory_helpers.R	07_cross_species	R	Adapted from the project analysis source; see manuscript Methods and code comments	d5389e7cdd2b7cb371bcb53f21dc4400ebb59376cc68ce2ddc3e281a56d1f419
scripts/07_cross_species/10.trajectory_classification_helpers.R	07_cross_species	R	Adapted from the project analysis source; see manuscript Methods and code comments	9725a22c0777ee7ac081bf663ef7e2ae25d2db93f23fae91fd54fc59a5793a8c
scripts/07_cross_species/11.slingshot.R	07_cross_species	R	Adapted from the project analysis source; see manuscript Methods and code comments	b85f10881910605f4c31697ac05324a2ab23b247ba483836ee5a0ff7ba5fc0d1
scripts/07_cross_species/12.trajectory_wide_classification.R	07_cross_species	R	Adapted from the project analysis source; see manuscript Methods and code comments	1861e7cb709a12b305530bfaed5ed6a17fd1a4d8b47e2dbde2b94555fe97bf8d
scripts/07_cross_species/13.disease_gene_enrichment.R	07_cross_species	R	Adapted from the project analysis source; see manuscript Methods and code comments	46426e1105a1f5a8a8cfe861cda44e15563ea9c04bb8460b9b14b479d283f69f
scripts/07_cross_species/14.similarity_helpers.R	07_cross_species	R	Adapted from the project analysis source; see manuscript Methods and code comments	f68083466d70ffd8917c8ca7c1e54bd7467babc5ad9f907745b75aa6069f9de1
scripts/07_cross_species/15.robustness_inference.R	07_cross_species	R	Adapted from the project analysis source; see manuscript Methods and code comments	c9e515a7c1c953de8ed40026962ce2db7c2bd3f731272ff2a0187d926f2400fc
scripts/07_cross_species/16.similarity.R	07_cross_species	R	Adapted from the project analysis source; see manuscript Methods and code comments	742ad7e5f7fbfe149497fceaf759c1c628ea88a0ea1dda331ed909457cbdfc05
scripts/07_cross_species/17.cross_species_go_kegg_mixed.R	07_cross_species	R	Adapted from the project analysis source; see manuscript Methods and code comments	fe77f46dd326b603361abe9c7e1c6207871df070bd5639219016539a17b08b8e
